{"stats":{"minecraft:custom":{"minecraft:inspect_dropper":11,"minecraft:interact_with_anvil":2,"minecraft:mob_kills":5,"minecraft:inspect_hopper":20,"minecraft:open_shulker_box":1,"minecraft:leave_game":3,"minecraft:time_since_death":438129,"minecraft:climb_one_cm":39027,"minecraft:sprint_one_cm":304,"minecraft:walk_one_cm":737913,"minecraft:drop":42,"minecraft:talked_to_villager":31,"minecraft:play_time":438130,"minecraft:sneak_time":5121,"minecraft:walk_under_water_one_cm":34192,"minecraft:jump":495,"minecraft:interact_with_brewingstand":1,"minecraft:walk_on_water_one_cm":36221,"minecraft:enchant_item":6,"minecraft:total_world_time":457821,"minecraft:time_since_rest":438130,"minecraft:damage_dealt":858,"minecraft:interact_with_beacon":3,"minecraft:fly_one_cm":906987,"minecraft:open_chest":5,"minecraft:crouch_one_cm":1310,"minecraft:inspect_dispenser":2},"minecraft:picked_up":{"minecraft:redstone_block":1,"minecraft:lead":6,"minecraft:smithing_table":2,"minecraft:golden_sword":1,"minecraft:oak_trapdoor":1,"minecraft:pufferfish":6,"minecraft:armor_stand":2,"minecraft:cartography_table":1,"minecraft:netherite_sword":1,"minecraft:redstone_torch":1,"minecraft:chest":1,"minecraft:stone":5,"minecraft:torch":10,"minecraft:green_bed":1,"minecraft:rotten_flesh":1,"minecraft:bookshelf":1,"minecraft:cobblestone":1,"minecraft:water_bucket":2,"minecraft:leather":3,"minecraft:jungle_wood":1,"minecraft:ochre_froglight":2,"minecraft:birch_planks":1,"minecraft:warped_trapdoor":2,"minecraft:lantern":1,"minecraft:stripped_bamboo_block":2,"minecraft:bone":2,"minecraft:wheat_seeds":5,"minecraft:fletching_table":1,"minecraft:oak_planks":5,"minecraft:pink_bed":1,"minecraft:bamboo_planks":4,"minecraft:gravel":9,"minecraft:lava_bucket":4,"minecraft:grass_block":1,"minecraft:dispenser":1,"minecraft:lever":1,"minecraft:oak_button":1,"minecraft:crimson_roots":1,"minecraft:hopper":1,"minecraft:ender_pearl":6},"minecraft:dropped":{"minecraft:water_bucket":2,"minecraft:birch_planks":1,"minecraft:smithing_table":2,"minecraft:bookshelf":1,"minecraft:cobblestone":1,"minecraft:lantern":2,"minecraft:jungle_wood":1,"minecraft:fletching_table":1,"minecraft:grass_block":1,"minecraft:dispenser":1,"minecraft:redstone_block":1,"minecraft:armor_stand":2,"minecraft:bamboo_planks":4,"minecraft:oak_trapdoor":1,"minecraft:pink_bed":1,"minecraft:green_bed":1,"minecraft:netherite_sword":1,"minecraft:oak_planks":5,"minecraft:stripped_bamboo_block":2,"minecraft:stone":5,"minecraft:oak_button":1,"minecraft:ochre_froglight":2,"minecraft:hopper":1,"minecraft:chest":1,"minecraft:cartography_table":1},"minecraft:used":{"minecraft:oak_trapdoor":13,"minecraft:oak_fence":2,"minecraft:netherite_sword":200,"minecraft:jungle_leaves":67,"minecraft:enchanting_table":5,"minecraft:flint_and_steel":2,"minecraft:armor_stand":10,"minecraft:dispenser":2,"minecraft:redstone":10,"minecraft:ladder":36,"minecraft:chest":155,"minecraft:spruce_planks":40,"minecraft:stone":1163,"minecraft:zombie_spawn_egg":3,"minecraft:warped_sign":2,"minecraft:oak_door":5,"minecraft:torch":79,"minecraft:brewing_stand":4,"minecraft:anvil":3,"minecraft:hopper":9,"minecraft:cherry_pressure_plate":1,"minecraft:cobblestone_wall":3,"minecraft:warped_door":1,"minecraft:obsidian":20,"minecraft:shroomlight":4,"minecraft:lava_bucket":10,"minecraft:bookshelf":48,"minecraft:spruce_wood":90,"minecraft:lantern":11,"minecraft:grass_block":36,"minecraft:oak_stairs":4,"minecraft:spawner":3,"minecraft:green_wool":125,"minecraft:cherry_trapdoor":10,"minecraft:cherry_leaves":50,"minecraft:dark_oak_button":1,"minecraft:pink_wool":112,"minecraft:stone_bricks":54,"minecraft:item_frame":14,"minecraft:magenta_wool":39,"minecraft:furnace":1,"minecraft:cherry_fence":15,"minecraft:cherry_log":14,"minecraft:bamboo_planks":122,"minecraft:chiseled_bookshelf":12,"minecraft:water_bucket":100,"minecraft:spruce_door":2,"minecraft:dropper":1,"minecraft:dark_oak_hanging_sign":1,"minecraft:birch_planks":112,"minecraft:dark_oak_sign":1,"minecraft:lime_wool":58,"minecraft:oak_planks":924,"minecraft:cartography_table":2,"minecraft:andesite_slab":2,"minecraft:redstone_block":3,"minecraft:cauldron":4,"minecraft:glow_ink_sac":3,"minecraft:fletching_table":3,"minecraft:beacon":2,"minecraft:stonecutter":2,"minecraft:green_bed":4,"minecraft:cobblestone_slab":18,"minecraft:bamboo_stairs":19,"minecraft:glow_item_frame":55,"minecraft:dark_oak_trapdoor":6,"minecraft:crafting_table":2,"minecraft:lime_bed":5,"minecraft:loom":1,"minecraft:magenta_bed":3,"minecraft:birch_sign":1,"minecraft:blast_furnace":1,"minecraft:campfire":15,"minecraft:ochre_froglight":81,"minecraft:smoker":1,"minecraft:birch_fence":14,"minecraft:redstone_torch":4,"minecraft:oak_log":19,"minecraft:sticky_piston":14,"minecraft:lever":6,"minecraft:ender_eye":29,"minecraft:warped_trapdoor":10,"minecraft:stripped_jungle_log":3,"minecraft:stripped_bamboo_block":98,"minecraft:birch_slab":2,"minecraft:oak_button":10,"minecraft:map":4,"minecraft:lectern":1,"minecraft:spruce_trapdoor":5,"minecraft:oak_pressure_plate":2,"minecraft:gravel":12,"minecraft:pink_bed":2,"minecraft:green_shulker_box":2,"minecraft:enchanted_book":20,"minecraft:cobblestone":64,"minecraft:pufferfish_bucket":4,"minecraft:smithing_table":3,"minecraft:jungle_door":1,"minecraft:pink_shulker_box":3,"minecraft:end_portal_frame":31,"minecraft:smooth_stone":100},"minecraft:killed":{"minecraft:zombified_piglin":1,"minecraft:wandering_trader":1,"minecraft:ender_dragon":1,"minecraft:trader_llama":2}},"DataVersion":3700}